{
    "metadata":{
        "faces":92,
        "vertices":64,
        "generator":"io_three",
        "uvs":0,
        "normals":39,
        "version":3,
        "type":"Geometry"
    },
    "vertices":[-8.86591,-0.0208433,-0.534696,-8.86591,1.96569,-0.534696,-8.84679,-0.0208433,-0.532813,-8.84679,1.96569,-0.532813,-8.82841,-0.0208433,-0.527237,-8.82841,1.96569,-0.527237,-8.81147,-0.0208433,-0.518183,-8.81147,1.96569,-0.518183,-8.79662,-0.0208433,-0.505998,-8.79662,1.96569,-0.505998,-8.78444,-0.0208433,-0.49115,-8.78444,1.96569,-0.49115,-8.77538,-0.0208433,-0.474211,-8.77538,1.96569,-0.474211,-8.76981,-0.0208433,-0.45583,-8.76981,1.96569,-0.45583,-8.76793,-0.0208433,-0.436715,-8.76793,1.96569,-0.436715,-8.76981,-0.0208433,-0.4176,-8.76981,1.96569,-0.4176,-8.77538,-0.0208433,-0.39922,-8.77538,1.96569,-0.39922,-8.78444,-0.0208433,-0.38228,-8.78444,1.96569,-0.38228,-8.79662,-0.0208433,-0.367433,-8.79662,1.96569,-0.367433,-8.81147,-0.0208433,-0.355248,-8.81147,1.96569,-0.355248,-8.82841,-0.0208433,-0.346193,-8.82841,1.96569,-0.346193,-8.84679,-0.0208433,-0.340618,-8.84679,1.96569,-0.340618,-8.86591,-0.0208433,-0.338735,-8.86591,1.96569,-0.338735,-8.88502,-0.0208433,-0.340618,-8.88502,1.96569,-0.340618,-8.9034,-0.0208433,-0.346193,-8.9034,1.96569,-0.346193,-8.92034,-0.0208433,-0.355248,-8.92034,1.96569,-0.355248,-8.93519,-0.0208433,-0.367433,-8.93519,1.96569,-0.367433,-8.94737,-0.0208433,-0.38228,-8.94737,1.96569,-0.382281,-8.95643,-0.0208433,-0.39922,-8.95643,1.96569,-0.39922,-8.962,-0.0208433,-0.4176,-8.962,1.96569,-0.4176,-8.96389,-0.0208433,-0.436715,-8.96389,1.96569,-0.436715,-8.962,-0.0208433,-0.45583,-8.962,1.96569,-0.45583,-8.95643,-0.0208433,-0.474211,-8.95643,1.96569,-0.474211,-8.94737,-0.0208433,-0.49115,-8.94737,1.96569,-0.49115,-8.93519,-0.0208433,-0.505998,-8.93519,1.96569,-0.505998,-8.92034,-0.0208433,-0.518183,-8.92034,1.96569,-0.518183,-8.9034,-0.0208433,-0.527237,-8.9034,1.96569,-0.527237,-8.88502,-0.0208433,-0.532813,-8.88502,1.96569,-0.532813],
    "faces":[33,0,1,3,2,0,0,0,0,33,2,3,5,4,1,1,1,1,33,4,5,7,6,2,2,2,2,33,6,7,9,8,3,3,3,3,33,8,9,11,10,4,4,4,4,33,10,11,13,12,5,5,5,5,33,12,13,15,14,6,6,6,6,33,14,15,17,16,7,7,7,7,33,16,17,19,18,8,8,8,8,33,18,19,21,20,9,9,9,9,33,20,21,23,22,10,10,10,10,33,22,23,25,24,11,11,11,11,33,24,25,27,26,12,12,12,12,33,26,27,29,28,13,13,13,13,33,28,29,31,30,14,14,14,14,33,30,31,33,32,15,15,15,15,33,32,33,35,34,16,16,16,16,33,34,35,37,36,17,17,17,17,33,36,37,39,38,18,18,18,18,33,38,39,41,40,19,19,19,19,33,40,41,43,42,20,20,20,20,33,42,43,45,44,21,21,21,21,33,44,45,47,46,22,22,22,22,33,46,47,49,48,23,23,23,23,33,48,49,51,50,24,24,24,24,33,50,51,53,52,25,25,25,25,33,52,53,55,54,26,26,26,26,33,54,55,57,56,27,27,27,27,33,56,57,59,58,28,28,28,28,33,58,59,61,60,29,29,29,29,32,5,3,1,30,30,30,32,1,63,61,31,31,31,32,61,59,57,30,30,30,32,57,55,53,30,30,30,32,53,51,49,30,30,30,32,49,47,45,30,30,30,32,45,43,41,30,30,30,32,41,39,37,30,30,30,32,37,35,33,30,30,30,32,33,31,29,30,30,30,32,29,27,25,30,30,30,32,25,23,21,30,30,30,32,21,19,17,30,30,30,32,17,15,13,30,30,30,32,13,11,9,30,30,30,32,9,7,5,30,30,30,32,5,1,61,32,32,32,32,61,57,53,30,30,30,32,53,49,45,30,30,30,32,45,41,37,30,30,30,32,37,33,29,30,30,30,32,29,25,21,30,30,30,32,21,17,13,33,33,33,32,13,9,5,30,30,30,32,5,61,53,32,32,32,32,53,45,37,30,30,30,32,37,29,21,30,30,30,32,21,13,5,30,30,30,32,5,53,37,30,30,30,32,37,21,5,33,33,33,33,60,61,63,62,34,34,34,34,33,1,0,62,63,35,35,35,35,32,62,0,2,36,36,36,32,2,4,6,37,37,37,32,6,8,10,37,37,37,32,10,12,14,37,37,37,32,14,16,18,38,38,38,32,18,20,22,37,37,37,32,22,24,26,37,37,37,32,26,28,30,37,37,37,32,30,32,34,37,37,37,32,34,36,38,37,37,37,32,38,40,42,37,37,37,32,42,44,46,37,37,37,32,46,48,50,37,37,37,32,50,52,54,37,37,37,32,54,56,58,37,37,37,32,58,60,62,37,37,37,32,62,2,6,37,37,37,32,6,10,14,37,37,37,32,14,18,22,37,37,37,32,22,26,30,37,37,37,32,30,34,38,37,37,37,32,38,42,46,37,37,37,32,46,50,54,37,37,37,32,54,58,62,37,37,37,32,62,6,14,37,37,37,32,14,22,30,37,37,37,32,30,38,46,37,37,37,32,46,54,62,37,37,37,32,62,14,30,38,38,38,32,30,46,62,37,37,37],
    "uvs":[],
    "normals":[0.0980153,-2.98897e-08,-0.995185,0.290288,-4.30962e-08,-0.956939,0.471404,-5.30122e-08,-0.881917,0.634389,-4.6337e-08,-0.773014,0.773011,-3.33705e-08,-0.634393,0.881925,-2.11665e-08,-0.47139,0.956933,-1.30621e-08,-0.290308,0.995185,-4.43351e-09,-0.0980115,0.995185,4.43351e-09,0.0980115,0.956933,1.30621e-08,0.290308,0.881925,2.11665e-08,0.47139,0.773011,2.86033e-08,0.634393,0.634389,3.48958e-08,0.773014,0.471404,3.96638e-08,0.881917,0.290288,4.30962e-08,0.956939,0.0980153,4.47631e-08,0.995185,-0.0980153,4.47631e-08,0.995185,-0.290289,4.30962e-08,0.956939,-0.471404,3.96638e-08,0.881917,-0.634389,2.89845e-08,0.773014,-0.773011,2.3836e-08,0.634392,-0.881925,2.11665e-08,0.47139,-0.956933,1.30621e-08,0.290308,-0.995185,4.38583e-09,0.0980113,-0.995185,-4.43351e-09,-0.0980115,-0.956933,-1.30621e-08,-0.290308,-0.881925,-2.11665e-08,-0.47139,-0.77301,-2.38361e-08,-0.634394,-0.634389,-2.30732e-08,-0.773014,-0.471403,-3.96638e-08,-0.881918,0,1,0,0,1,0,-0,1,0,0,1,-0,-0.290274,-4.30941e-08,-0.956944,-0.0980171,-2.98912e-08,-0.995185,-0,-1,0,0,-1,0,0,-1,-0]
}